<?xml version="1.0" encoding="UTF-8"?>
<component>
    <DashboardHolder activeDashboard="ILA">
        <Dashboard columnResizable="1" key="ILA" rowResizable="0" title="ILA">
            <Settings/>
            <GadgetContainer boxAxis="1" count="2" height="632"
                layout="JideBoxLayout" vgap="6" width="365">
                <Gadget height="111" key="Trigger Capture Status" width="365"/>
                <Gadget height="460" key="Basic Trigger Setup" width="365"/>
                <Settings/>
            </GadgetContainer>
        </Dashboard>
    </DashboardHolder>
</component>
